<?xml version="1.0" encoding="UTF-8" standalone="yes"?>
<applicationPatches>
    <applicationPatch>
        <applicationUuid>edeb5e8e-de5d-4fed-97bf-acc3ab6d98ba</applicationUuid>
        <packageInfo>
            <url></url>
        </packageInfo>
        <patchContents>
            <item>
                <type>content</type>
                <uuids>
                    <uuid>_a-0000e9a3-2b42-8000-9bd6-011c48011c48_169781</uuid>
                </uuids>
            </item>
        </patchContents>
    </applicationPatch>
</applicationPatches>
